Title,Date
Prestart infra status and setup,"September 7, 2025"
Temp billing account creation and initial project setup,"September 9, 2025"
Phase-1 infra progress P1-A-001-3,"September 11, 2025"
Completed P1-A-004,"September 13, 2025"
P1-A Environment and Foundations setups,"September 13, 2025 10:00 PM (MDT)"
Data Stores (P1-A-014…017),"September 14, 2025 3:00 AM (MDT)"
"IAM & Security (P1-A-019, P1-A-020)","September 14, 2025 3:00 AM (MDT)"
Messaging: Pub/Sub Bus Foundation (P1-A-022…024),"September 14, 2025 3:30 AM (MDT)"
CI/CD Bootstrap: GitLab Developer Connect & Cloud Build (P1-A-025…028),"September 15, 2025 10:00 PM (MDT)"
"Observability Install: Dashboards, Alerts & Channels (P1-A-029…032)","September 16, 2025 1:00 AM (MDT)"
Checkpoint-1 Preflight: Scheduler → Loader → Inference (P1-A-033…041),"September 16, 2025 9:00 AM (MDT)"
Training Scheduler (Cloud Run),"September 17, 2025"
P1-A: Preflight: Portfolio & Intent,"September 19, 2025 11:00 AM (MDT)"
ReFinity dev (wiring & push delivery hardening),"September 19, 2025 8:00 PM (MDT)"
P1-A-062..065 (SLO-Aligned Defaults),"September 20, 2025 8:00 AM (MDT)"
Smoke Tests (P1-A-066 → P1-A-070),"September 20, 2025 2:00 PM (MDT)"
Phase 1 Checkpoint B (Cloud Scheduler → Data Loader),"September 23, 2025 7:00 PM (MDT)"
p1-b-006 … 011: Data Loader (Cloud Run Jobs),"September 27, 2025"
Trainer & Scheduler Integration (Stage B/C scaffold),"October 3, 2025 8:00 AM (MDT)"